Workbook

Sheet Sheet1
A1: Flow(m^3/h) | B1: Head(m) | E1: Quantity | F1: Value or formula
A2: 0 | B2: 15.6 | E2: D (m) | F2: 0.1
A3: 20 | B3: 15.5 | E3: L (m) | F3: 95
A4: 40 | B4: 15.3 | E4: ε roughness (m) | F4: 4.57e-05
A5: 60 | B5: 14.3 | E5: ρ (kg/m³) | F5: 997
A6: 80 | B6: 12.4 | E6: μ (kg/m·s) | F6: 0.000891
A7: 96 | B7: 9.6 | E7: Q_ref (m³/h) | F7: 71
E8: A (m²) | F8: =PI()*F2^2/4 -> 0.0078539816
E9: v (m/s) | F9: =F7/3600/F8 -> 2.5111113
E10: Re | F10: =F5*F9*F2/F6 -> 280985.18
E11: f0 (starting guess) | F11: =0.25/LOG10(F4/(3.7*F2)+5.74/F10^0.9)^2 -> 0.018166667
E12: f1 | F12: =1/(-2*LOG10(F4/(3.7*F2)+2.51/(F10*SQRT(F11))))^2 -> 0.01804889
E13: f2 (Colebrook) | F13: =1/(-2*LOG10(F4/(3.7*F2)+2.51/(F10*SQRT(F12))))^2 -> 0.01805368
E14: k (m/(m³/h)²) | F14: =F13*F3/(2*9.81*F2*F8^2)/3600^2 -> 0.0010934667
E15: k_s | F15: =F14*5/95 -> 5.7550881e-05
C23: =SQRT((50-10)/(0.003+0.0036)) -> 77.849894

Sheet Sheet2
A1: Flow | B1: Pump curve | C1: pipe line | I1: flow | J1: 70.595845
A2: 0 | B2: =15.6-0.00000996*A2^3+0.00039*A2^2-0.00835*A2 -> 15.6 | C2: =8+Sheet1!$F$14*A2^2 -> 8 | I2: pump curve | J2: =15.6-0.00000996*J1^3+0.00039*J1^2-0.00835*J1 -> 13.449933
A3: 8 | B3: =15.6-0.00000996*A3^3+0.00039*A3^2-0.00835*A3 -> 15.55306 | C3: =8+Sheet1!$F$14*A3^2 -> 8.0699819 | I3: pipe line | J3: =8+Sheet1!$F$14*J1^2 -> 13.44959
A4: 16 | B4: =15.6-0.00000996*A4^3+0.00039*A4^2-0.00835*A4 -> 15.525444 | C4: =8+Sheet1!$F$14*A4^2 -> 8.2799275 | I4: difference | J4: =J2-J3 -> 0.00034236024
A5: 24 | B5: =15.6-0.00000996*A5^3+0.00039*A5^2-0.00835*A5 -> 15.486553 | C5: =8+Sheet1!$F$14*A5^2 -> 8.6298368
A6: 32 | B6: =15.6-0.00000996*A6^3+0.00039*A6^2-0.00835*A6 -> 15.405791 | C6: =8+Sheet1!$F$14*A6^2 -> 9.1197099
A7: 40 | B7: =15.6-0.00000996*A7^3+0.00039*A7^2-0.00835*A7 -> 15.25256 | C7: =8+Sheet1!$F$14*A7^2 -> 9.7495468
A8: 48 | B8: =15.6-0.00000996*A8^3+0.00039*A8^2-0.00835*A8 -> 14.996264 | C8: =8+Sheet1!$F$14*A8^2 -> 10.519347
A9: 56 | B9: =15.6-0.00000996*A9^3+0.00039*A9^2-0.00835*A9 -> 14.606305 | C9: =8+Sheet1!$F$14*A9^2 -> 11.429112
A10: 64 | B10: =15.6-0.00000996*A10^3+0.00039*A10^2-0.00835*A10 -> 14.052086 | C10: =8+Sheet1!$F$14*A10^2 -> 12.47884
A11: 72 | B11: =15.6-0.00000996*A11^3+0.00039*A11^2-0.00835*A11 -> 13.30301 | C11: =8+Sheet1!$F$14*A11^2 -> 13.668532
A12: 80 | B12: =15.6-0.00000996*A12^3+0.00039*A12^2-0.00835*A12 -> 12.32848 | C12: =8+Sheet1!$F$14*A12^2 -> 14.998187
A13: 88 | B13: =15.6-0.00000996*A13^3+0.00039*A13^2-0.00835*A13 -> 11.097899 | C13: =8+Sheet1!$F$14*A13^2 -> 16.467806
A14: 96 | B14: =15.6-0.00000996*A14^3+0.00039*A14^2-0.00835*A14 -> 9.5806694 | C14: =8+Sheet1!$F$14*A14^2 -> 18.077389

Sheet Sheet3
A1: Flow | B1: system curve(9m static head) | C1: pump curve | E1: Flow guess | F1: 66.520053
A2: 0 | B2: =9+Sheet1!$F$14*A2^2 -> 9 | C2: =15.6-0.00000996*A2^3+0.00039*A2^2-0.00835*A2 -> 15.6 | E2: pump head | F2: =15.6-0.00000996*F1^3+0.00039*F1^2-0.00835*F1 -> 13.838592
A3: 8 | B3: =9+Sheet1!$F$14*A3^2 -> 9.0699819 | C3: =15.6-0.00000996*A3^3+0.00039*A3^2-0.00835*A3 -> 15.55306 | E3: pipe head | F3: =9+Sheet1!$F$14*F1^2 -> 13.8385
A4: 16 | B4: =9+Sheet1!$F$14*A4^2 -> 9.2799275 | C4: =15.6-0.00000996*A4^3+0.00039*A4^2-0.00835*A4 -> 15.525444 | E4: difference | F4: =F2-F3 -> 9.1582998e-05
A5: 24 | B5: =9+Sheet1!$F$14*A5^2 -> 9.6298368 | C5: =15.6-0.00000996*A5^3+0.00039*A5^2-0.00835*A5 -> 15.486553
A6: 32 | B6: =9+Sheet1!$F$14*A6^2 -> 10.11971 | C6: =15.6-0.00000996*A6^3+0.00039*A6^2-0.00835*A6 -> 15.405791
A7: 40 | B7: =9+Sheet1!$F$14*A7^2 -> 10.749547 | C7: =15.6-0.00000996*A7^3+0.00039*A7^2-0.00835*A7 -> 15.25256
A8: 48 | B8: =9+Sheet1!$F$14*A8^2 -> 11.519347 | C8: =15.6-0.00000996*A8^3+0.00039*A8^2-0.00835*A8 -> 14.996264
A9: 56 | B9: =9+Sheet1!$F$14*A9^2 -> 12.429112 | C9: =15.6-0.00000996*A9^3+0.00039*A9^2-0.00835*A9 -> 14.606305
A10: 64 | B10: =9+Sheet1!$F$14*A10^2 -> 13.47884 | C10: =15.6-0.00000996*A10^3+0.00039*A10^2-0.00835*A10 -> 14.052086
A11: 72 | B11: =9+Sheet1!$F$14*A11^2 -> 14.668532 | C11: =15.6-0.00000996*A11^3+0.00039*A11^2-0.00835*A11 -> 13.30301
A12: 80 | B12: =9+Sheet1!$F$14*A12^2 -> 15.998187 | C12: =15.6-0.00000996*A12^3+0.00039*A12^2-0.00835*A12 -> 12.32848
A13: 88 | B13: =9+Sheet1!$F$14*A13^2 -> 17.467806 | C13: =15.6-0.00000996*A13^3+0.00039*A13^2-0.00835*A13 -> 11.097899
A14: 96 | B14: =9+Sheet1!$F$14*A14^2 -> 19.077389 | C14: =15.6-0.00000996*A14^3+0.00039*A14^2-0.00835*A14 -> 9.5806694

Sheet Sheet4
A1: Flow | B1: dirty pipe, k = 0.002 | C1: Pump curve | E1: Flow guess | F1: 57.201922
A2: 0 | B2: =8+0.002*A2^2 -> 8 | C2: =15.6-0.00000996*A2^3+0.00039*A2^2-0.00835*A2 -> 15.6 | E2: pump head | F2: =-0.00000996*F1^3+0.000393*F1^2-0.00835*F1+15.6 -> 14.544089
A3: 8 | B3: =8+0.002*A3^2 -> 8.128 | C3: =15.6-0.00000996*A3^3+0.00039*A3^2-0.00835*A3 -> 15.55306 | E3: pipe head | F3: =8+0.002*F1^2 -> 14.54412
A4: 16 | B4: =8+0.002*A4^2 -> 8.512 | C4: =15.6-0.00000996*A4^3+0.00039*A4^2-0.00835*A4 -> 15.525444 | E4: difference | F4: =F2-F3 -> -3.072912e-05
A5: 24 | B5: =8+0.002*A5^2 -> 9.152 | C5: =15.6-0.00000996*A5^3+0.00039*A5^2-0.00835*A5 -> 15.486553
A6: 32 | B6: =8+0.002*A6^2 -> 10.048 | C6: =15.6-0.00000996*A6^3+0.00039*A6^2-0.00835*A6 -> 15.405791
A7: 40 | B7: =8+0.002*A7^2 -> 11.2 | C7: =15.6-0.00000996*A7^3+0.00039*A7^2-0.00835*A7 -> 15.25256
A8: 48 | B8: =8+0.002*A8^2 -> 12.608 | C8: =15.6-0.00000996*A8^3+0.00039*A8^2-0.00835*A8 -> 14.996264
A9: 56 | B9: =8+0.002*A9^2 -> 14.272 | C9: =15.6-0.00000996*A9^3+0.00039*A9^2-0.00835*A9 -> 14.606305
A10: 64 | B10: =8+0.002*A10^2 -> 16.192 | C10: =15.6-0.00000996*A10^3+0.00039*A10^2-0.00835*A10 -> 14.052086
A11: 72 | B11: =8+0.002*A11^2 -> 18.368 | C11: =15.6-0.00000996*A11^3+0.00039*A11^2-0.00835*A11 -> 13.30301
A12: 80 | B12: =8+0.002*A12^2 -> 20.8 | C12: =15.6-0.00000996*A12^3+0.00039*A12^2-0.00835*A12 -> 12.32848
A13: 88 | B13: =8+0.002*A13^2 -> 23.488 | C13: =15.6-0.00000996*A13^3+0.00039*A13^2-0.00835*A13 -> 11.097899
A14: 96 | B14: =8+0.002*A14^2 -> 26.432 | C14: =15.6-0.00000996*A14^3+0.00039*A14^2-0.00835*A14 -> 9.5806694

Sheet Sheet5
A1: PV | B1: 3.2 | E1: Flow | F1: Npsha | G1: hf_suction | H1: NPSHR | I1: Margin | J1: Ratio | L1: TEMP | M1: pv | N1: rho | O1: NPSHA | P1: margin | Q1: ratio | R1: verdict | T1: NPSHa 60C | U1: NPSHa 80C | V1: NPSHa 70C | W1: NPSHA 75 C
A2: rho | B2: 997 | E2: 0 | F2: =(101.325-$B$1)*1000/($B$2*9.81)+$B$3-G2 -> 8.0326464 | G2: =$B$5*E2^2 -> 0 | H2: 3.1 | I2: =F2-H2 -> 4.9326464 | J2: =F2/H2 -> 2.5911762 | L2: 25 | M2: 3.2 | N2: 997 | O2: =(101.325-M2)*1000/(N2*9.81)+$B$3-$B$5*$B$7^2 -> 7.7458733 | P2: =O2-$B$8 -> 4.0358733 | Q2: =O2/$B$8 -> 2.0878365 | R2: =IF(Q2<1,"Cavitates",IF(Q2<1.3,"Marginal","Safe")) -> Safe | T2: =(101.325-$M$3)*1000/($N$3*9.81)+$B$3-G2 -> 6.4437476 | U2: =(101.325-$M$6)*1000/($N$6*9.81)+$B$3-G2 -> 3.65529 | V2: =(101.325-$M$4)*1000/($N$4*9.81)+$B$3-G2 -> 5.3091187 | W2: =(101.325-$M$5)*1000/($N$5*9.81)+$B$3-G2 -> 4.5579341
A3: z_suction | B3: -2 | E3: 8 | F3: =(101.325-$B$1)*1000/($B$2*9.81)+$B$3-G3 -> 8.0289631 | G3: =$B$5*E3^2 -> 0.0036832564 | H3: 3.1 | I3: =F3-H3 -> 4.9289631 | J3: =F3/H3 -> 2.5899881 | L3: 60 | M3: 19.9 | N3: 983 | O3: =(101.325-M3)*1000/(N3*9.81)+$B$3-$B$5*$B$7^2 -> 6.1569745 | P3: =O3-$B$8 -> 2.4469745 | Q3: =O3/$B$8 -> 1.6595619 | R3: =IF(Q3<1,"Cavitates",IF(Q3<1.3,"Marginal","Safe")) -> Safe | T3: =(101.325-$M$3)*1000/($N$3*9.81)+$B$3-G3 -> 6.4400643 | U3: =(101.325-$M$6)*1000/($N$6*9.81)+$B$3-G3 -> 3.6516068 | V3: =(101.325-$M$4)*1000/($N$4*9.81)+$B$3-G3 -> 5.3054354 | W3: =(101.325-$M$5)*1000/($N$5*9.81)+$B$3-G3 -> 4.5542508
E4: 16 | F4: =(101.325-$B$1)*1000/($B$2*9.81)+$B$3-G4 -> 8.0179133 | G4: =$B$5*E4^2 -> 0.014733026 | H4: 3.1 | I4: =F4-H4 -> 4.9179133 | J4: =F4/H4 -> 2.5864237 | L4: 70 | M4: 31.2 | N4: 978 | O4: =(101.325-M4)*1000/(N4*9.81)+$B$3-$B$5*$B$7^2 -> 5.0223456 | P4: =O4-$B$8 -> 1.3123456 | Q4: =O4/$B$8 -> 1.353732 | R4: =IF(Q4<1,"Cavitates",IF(Q4<1.3,"Marginal","Safe")) -> Safe | T4: =(101.325-$M$3)*1000/($N$3*9.81)+$B$3-G4 -> 6.4290146 | U4: =(101.325-$M$6)*1000/($N$6*9.81)+$B$3-G4 -> 3.640557 | V4: =(101.325-$M$4)*1000/($N$4*9.81)+$B$3-G4 -> 5.2943856 | W4: =(101.325-$M$5)*1000/($N$5*9.81)+$B$3-G4 -> 4.5432011
A5: k_s | B5: =Sheet1!$F$15 -> 5.7550881e-05 | E5: 24 | F5: =(101.325-$B$1)*1000/($B$2*9.81)+$B$3-G5 -> 7.9994971 | G5: =$B$5*E5^2 -> 0.033149308 | H5: 3.1 | I5: =F5-H5 -> 4.8994971 | J5: =F5/H5 -> 2.5804829 | L5: 75 | M5: 38.6 | N5: 975 | O5: =(101.325-M5)*1000/(N5*9.81)+$B$3-$B$5*$B$7^2 -> 4.271161 | P5: =O5-$B$8 -> 0.56116103 | Q5: =O5/$B$8 -> 1.1512563 | R5: =IF(Q5<1,"Cavitates",IF(Q5<1.3,"Marginal","Safe")) -> Marginal | T5: =(101.325-$M$3)*1000/($N$3*9.81)+$B$3-G5 -> 6.4105983 | U5: =(101.325-$M$6)*1000/($N$6*9.81)+$B$3-G5 -> 3.6221407 | V5: =(101.325-$M$4)*1000/($N$4*9.81)+$B$3-G5 -> 5.2759693 | W5: =(101.325-$M$5)*1000/($N$5*9.81)+$B$3-G5 -> 4.5247848
E6: 32 | F6: =(101.325-$B$1)*1000/($B$2*9.81)+$B$3-G6 -> 7.9737143 | G6: =$B$5*E6^2 -> 0.058932102 | H6: 3.1 | I6: =F6-H6 -> 4.8737143 | J6: =F6/H6 -> 2.5721659 | L6: 80 | M6: 47.4 | N6: 972 | O6: =(101.325-M6)*1000/(N6*9.81)+$B$3-$B$5*$B$7^2 -> 3.368517 | P6: =O6-$B$8 -> -0.34148304 | Q6: =O6/$B$8 -> 0.90795605 | R6: =IF(Q6<1,"Cavitates",IF(Q6<1.3,"Marginal","Safe")) -> Cavitates | T6: =(101.325-$M$3)*1000/($N$3*9.81)+$B$3-G6 -> 6.3848155 | U6: =(101.325-$M$6)*1000/($N$6*9.81)+$B$3-G6 -> 3.5963579 | V6: =(101.325-$M$4)*1000/($N$4*9.81)+$B$3-G6 -> 5.2501866 | W6: =(101.325-$M$5)*1000/($N$5*9.81)+$B$3-G6 -> 4.499002
A7: Q_operating | B7: 70.59 | E7: 40 | F7: =(101.325-$B$1)*1000/($B$2*9.81)+$B$3-G7 -> 7.9405649 | G7: =$B$5*E7^2 -> 0.09208141 | H7: 3.1 | I7: =F7-H7 -> 4.8405649 | J7: =F7/H7 -> 2.5614726 | L7: 90 | M7: 70.1 | N7: 965 | O7: =(101.325-M7)*1000/(N7*9.81)+$B$3-$B$5*$B$7^2 -> 1.0116482 | P7: =O7-$B$8 -> -2.6983518 | Q7: =O7/$B$8 -> 0.27268147 | R7: =IF(Q7<1,"Cavitates",IF(Q7<1.3,"Marginal","Safe")) -> Cavitates | T7: =(101.325-$M$3)*1000/($N$3*9.81)+$B$3-G7 -> 6.3516662 | U7: =(101.325-$M$6)*1000/($N$6*9.81)+$B$3-G7 -> 3.5632086 | V7: =(101.325-$M$4)*1000/($N$4*9.81)+$B$3-G7 -> 5.2170372 | W7: =(101.325-$M$5)*1000/($N$5*9.81)+$B$3-G7 -> 4.4658527
A8: npshr_op | B8: 3.71 | E8: 48 | F8: =(101.325-$B$1)*1000/($B$2*9.81)+$B$3-G8 -> 7.9000491 | G8: =$B$5*E8^2 -> 0.13259723 | H8: 3.1 | I8: =F8-H8 -> 4.8000491 | J8: =F8/H8 -> 2.5484029 | T8: =(101.325-$M$3)*1000/($N$3*9.81)+$B$3-G8 -> 6.3111504 | U8: =(101.325-$M$6)*1000/($N$6*9.81)+$B$3-G8 -> 3.5226928 | V8: =(101.325-$M$4)*1000/($N$4*9.81)+$B$3-G8 -> 5.1765214 | W8: =(101.325-$M$5)*1000/($N$5*9.81)+$B$3-G8 -> 4.4253369
E9: 56 | F9: =(101.325-$B$1)*1000/($B$2*9.81)+$B$3-G9 -> 7.8521668 | G9: =$B$5*E9^2 -> 0.18047956 | H9: 3.1 | I9: =F9-H9 -> 4.7521668 | J9: =F9/H9 -> 2.532957 | T9: =(101.325-$M$3)*1000/($N$3*9.81)+$B$3-G9 -> 6.263268 | U9: =(101.325-$M$6)*1000/($N$6*9.81)+$B$3-G9 -> 3.4748105 | V9: =(101.325-$M$4)*1000/($N$4*9.81)+$B$3-G9 -> 5.1286391 | W9: =(101.325-$M$5)*1000/($N$5*9.81)+$B$3-G9 -> 4.3774545
E10: 64 | F10: =(101.325-$B$1)*1000/($B$2*9.81)+$B$3-G10 -> 7.7969179 | G10: =$B$5*E10^2 -> 0.23572841 | H10: 3.3 | I10: =F10-H10 -> 4.4969179 | J10: =F10/H10 -> 2.3627024 | T10: =(101.325-$M$3)*1000/($N$3*9.81)+$B$3-G10 -> 6.2080192 | U10: =(101.325-$M$6)*1000/($N$6*9.81)+$B$3-G10 -> 3.4195616 | V10: =(101.325-$M$4)*1000/($N$4*9.81)+$B$3-G10 -> 5.0733902 | W10: =(101.325-$M$5)*1000/($N$5*9.81)+$B$3-G10 -> 4.3222057
E11: 72 | F11: =(101.325-$B$1)*1000/($B$2*9.81)+$B$3-G11 -> 7.7343026 | G11: =$B$5*E11^2 -> 0.29834377 | H11: 3.8 | I11: =F11-H11 -> 3.9343026 | J11: =F11/H11 -> 2.0353428 | T11: =(101.325-$M$3)*1000/($N$3*9.81)+$B$3-G11 -> 6.1454038 | U11: =(101.325-$M$6)*1000/($N$6*9.81)+$B$3-G11 -> 3.3569462 | V11: =(101.325-$M$4)*1000/($N$4*9.81)+$B$3-G11 -> 5.0107749 | W11: =(101.325-$M$5)*1000/($N$5*9.81)+$B$3-G11 -> 4.2595903
E12: 80 | F12: =(101.325-$B$1)*1000/($B$2*9.81)+$B$3-G12 -> 7.6643207 | G12: =$B$5*E12^2 -> 0.36832564 | H12: 4.2 | I12: =F12-H12 -> 3.4643207 | J12: =F12/H12 -> 1.8248383 | T12: =(101.325-$M$3)*1000/($N$3*9.81)+$B$3-G12 -> 6.0754219 | U12: =(101.325-$M$6)*1000/($N$6*9.81)+$B$3-G12 -> 3.2869644 | V12: =(101.325-$M$4)*1000/($N$4*9.81)+$B$3-G12 -> 4.940793 | W12: =(101.325-$M$5)*1000/($N$5*9.81)+$B$3-G12 -> 4.1896084
E13: 88 | F13: =(101.325-$B$1)*1000/($B$2*9.81)+$B$3-G13 -> 7.5869723 | G13: =$B$5*E13^2 -> 0.44567402 | H13: 5.3 | I13: =F13-H13 -> 2.2869723 | J13: =F13/H13 -> 1.4315042 | T13: =(101.325-$M$3)*1000/($N$3*9.81)+$B$3-G13 -> 5.9980736 | U13: =(101.325-$M$6)*1000/($N$6*9.81)+$B$3-G13 -> 3.209616 | V13: =(101.325-$M$4)*1000/($N$4*9.81)+$B$3-G13 -> 4.8634446 | W13: =(101.325-$M$5)*1000/($N$5*9.81)+$B$3-G13 -> 4.1122601
E14: 96 | F14: =(101.325-$B$1)*1000/($B$2*9.81)+$B$3-G14 -> 7.5022574 | G14: =$B$5*E14^2 -> 0.53038892 | H14: 6.3 | I14: =F14-H14 -> 1.2022574 | J14: =F14/H14 -> 1.1908345 | T14: =(101.325-$M$3)*1000/($N$3*9.81)+$B$3-G14 -> 5.9133587 | U14: =(101.325-$M$6)*1000/($N$6*9.81)+$B$3-G14 -> 3.1249011 | V14: =(101.325-$M$4)*1000/($N$4*9.81)+$B$3-G14 -> 4.7787297 | W14: =(101.325-$M$5)*1000/($N$5*9.81)+$B$3-G14 -> 4.0275452

Sheet Sheet6
A1: Failure mode | B1: Effect | C1: Cause | D1: How to catch or prevent it | E1: S | F1: O | G1: D | H1: RPN
A2: Cavitation | B2: Impeller pitting, noise, vibration, loss of head | C2: NPSHa below NPSHr: hot water, suction lift, suction friction, high flow | D2: Keep water below about 71 °C (30% margin). Keep the suction pipe short. Listen for a gravel-like noise, watch vibration | E2: 8 | F2: 5 | G2: 5 | H2: 200
A3: Impeller wear or erosion | B3: Head and flow slowly fall | C3: Cavitation, sand or solids in the water | D3: Compare against the pump curve periodically. Fit a strainer | E3: 6 | F3: 5 | G3: 6 | H3: 180
A4: Blocked suction strainer or pipe | B4: Suction friction rises and NPSHa falls, which can cause cavitation | C4: Debris, scale | D4: Suction pressure gauge, clean the strainer on a schedule | E4: 7 | F4: 6 | G4: 4 | H4: 168
A5: Loss of prime or dry running | B5: Overheating, seal and bearing damage | C5: Water level drops, air leak on the suction side (the 2 m lift makes this more likely) | D5: Low-level cutoff, check the foot valve, keep the suction pipe airtight | E5: 9 | F5: 4 | G5: 4 | H5: 144
A6: Bearing failure | B6: Vibration, pump seizes | C6: Misalignment, poor lubrication | D6: Vibration and temperature checks, lubrication schedule | E6: 7 | F6: 4 | G6: 5 | H6: 140
A7: Fouled discharge pipe | B7: Flow falls (your “dirty pipe” case: 79.4 down to 63.6 m³/h) | C7: Scale, corrosion | D7: Compare flow and head with the clean-pipe curve | E7: 5 | F7: 6 | G7: 3 | H7: 90
A8: Mechanical seal leakage | B8: Water loss, bearing damage | C8: Wear, dry running | D8: Visual leak checks | E8: 5 | F8: 6 | G8: 3 | H8: 90
